1	John	20	1994-12-01 00:00:00.0
2	Kelly	39	1994-12-01 00:00:00.0
3	Denys	27	1998-01-01 00:00:00.0
4	Patric	30	1998-01-01 00:00:00.0
5	Kate	19	1994-12-01 00:00:00.0
6	Ann	32	1994-12-01 00:00:00.0
7	Christopher	25	1998-01-01 00:00:00.0
8	Olivia	25	1998-01-01 00:00:00.0
9	Emma	21	1994-12-01 00:00:00.0
10	Noah	20	1998-01-01 00:00:00.0
11	Oliver	24	1998-01-01 00:00:00.0
12	Jaxon	30	1998-01-01 00:00:00.0
13	Charlotte	31	1998-01-01 00:00:00.0
14	Grayson	20	1998-01-01 00:00:00.0
15	Ava	26	1998-01-01 00:00:00.0
16	Benjamin	32	1998-01-01 00:00:00.0
17	Mateo	28	1998-01-01 00:00:00.0
18	Ayden	37	1998-01-01 00:00:00.0
19	Liam	36	1994-12-01 00:00:00.0
20	Barack	31	1994-12-01 00:00:00.0
21	William	29	1994-12-01 00:00:00.0
22	Sophia	37	1994-12-01 00:00:00.0
23	Matthew	21	1994-12-01 00:00:00.0
24	Sam	36	1994-12-01 00:00:00.0
25	Amelia	28	1994-12-01 00:00:00.0
26	Greyson	30	1994-12-01 00:00:00.0
27	Zabi	27	1994-12-01 00:00:00.0
28	Mia	38	1994-12-01 00:00:00.0
29	Linnett	27	1994-12-01 00:00:00.0
30	Nava	31	1994-12-01 00:00:00.0
31	Harper	36	1994-12-01 00:00:00.0
32	James	25	1994-12-01 00:00:00.0
33	Elijah	36	1994-12-01 00:00:00.0
34	Mason	20	1994-12-01 00:00:00.0
35	Isabella	31	1994-12-01 00:00:00.0
36	Lucas	24	1996-01-01 00:00:00.0
37	Michael	19	1995-01-01 00:00:00.0
38	Jackson	26	1998-01-01 00:00:00.0
39	Evelyn	32	1998-01-01 00:00:00.0
40	Poppy	25	1995-01-01 00:00:00.0
